team,group,confederation,fifa_ranking,world_cups_won,appearances,is_host,is_debut,matches_2023_2026,wins,draws,losses,goals_scored_total,goals_conceded_total,goal_diff,avg_goals_scored,avg_goals_conceded,win_pct,draw_pct,loss_pct,clean_sheet_pct,ppg,avg_possession,avg_shots_pg,avg_shots_on_target_pg,avg_passes_pg
France,I,UEFA,1,2,16,0,0,43,26,7,7,89,35,54,2.23,0.88,60.5,16.3,16.3,44.2,1.98,50.6,16.8,4.8,575.7
Spain,H,UEFA,2,1,16,0,0,44,30,9,2,108,34,74,2.63,0.83,68.2,20.5,4.5,43.2,2.25,56.8,17.6,6.1,619.1
Argentina,J,CONMEBOL,3,3,19,0,0,41,31,3,4,82,14,68,2.16,0.37,75.6,7.3,9.8,65.9,2.34,55.4,14.7,6.0,559.7
England,L,UEFA,4,1,17,0,0,43,27,7,6,83,23,60,2.08,0.57,62.8,16.3,14.0,51.2,2.05,53.7,11.6,3.9,647.9
Portugal,K,UEFA,5,0,9,0,0,42,27,7,5,100,32,68,2.56,0.82,64.3,16.7,11.9,42.9,2.1,63.2,19.0,6.2,773.8
Brazil,C,CONMEBOL,6,5,22,0,0,40,17,10,10,66,42,24,1.78,1.14,42.5,25.0,25.0,27.5,1.52,56.3,13.8,4.5,530.0
Netherlands,F,UEFA,7,0,11,0,0,43,22,9,9,94,43,51,2.35,1.07,51.2,20.9,20.9,37.2,1.74,52.2,13.8,3.8,519.3
Morocco,C,CAF,8,0,7,0,0,54,39,10,2,110,19,91,2.16,0.37,72.2,18.5,3.7,64.8,2.35,53.6,14.5,5.0,486.2
Belgium,G,UEFA,9,0,14,0,0,41,21,10,7,87,32,55,2.29,0.84,51.2,24.4,17.1,43.9,1.78,53.1,13.2,5.0,552.0
Germany,E,UEFA,10,4,20,0,0,43,23,7,10,86,48,38,2.15,1.2,53.5,16.3,23.3,30.2,1.77,60.7,19.0,6.8,680.2
Croatia,L,UEFA,11,0,8,0,0,40,21,8,8,70,36,34,1.89,0.97,52.5,20.0,20.0,37.5,1.78,54.5,14.3,5.7,594.3
Colombia,K,CONMEBOL,13,0,7,0,0,45,24,11,7,78,36,42,1.86,0.86,53.3,24.4,15.6,42.2,1.84,52.8,13.2,4.3,491.5
Senegal,I,CAF,14,0,4,0,0,47,31,9,4,90,25,65,2.05,0.57,66.0,19.1,8.5,55.3,2.17,51.4,12.2,4.8,464.8
Mexico,A,CONCACAF,15,0,17,1,0,60,30,15,12,88,53,35,1.54,0.93,50.0,25.0,20.0,51.7,1.75,57.2,19.3,6.0,516.3
United States,D,CONCACAF,16,0,11,1,0,57,27,9,18,105,64,41,1.94,1.19,47.4,15.8,31.6,31.6,1.58,45.7,11.3,4.0,393.3
Uruguay,H,CONMEBOL,17,2,14,0,0,42,16,16,7,54,30,24,1.38,0.77,38.1,38.1,16.7,45.2,1.52,52.3,15.7,6.3,405.7
Japan,F,AFC,18,0,7,0,0,41,28,5,5,111,26,85,2.92,0.68,68.3,12.2,12.2,48.8,2.17,50.0,11.0,3.5,450.0
Switzerland,B,UEFA,19,0,12,0,0,42,16,17,6,76,42,34,1.95,1.08,38.1,40.5,14.3,31.0,1.55,48.2,12.4,5.0,509.8
Iran,G,AFC,21,0,6,0,0,42,27,8,4,88,29,59,2.26,0.74,64.3,19.0,9.5,45.2,2.12,38.9,11.0,3.0,375.0
Austria,J,UEFA,23,0,7,0,0,40,24,7,6,82,30,52,2.22,0.81,60.0,17.5,15.0,32.5,1.98,53.0,12.5,5.5,518.2
Ecuador,E,CONMEBOL,23,0,4,0,0,42,18,15,6,44,24,20,1.13,0.62,42.9,35.7,14.3,45.2,1.64,44.8,13.5,4.0,331.0
South Korea,A,AFC,25,0,11,0,0,44,23,12,6,82,36,46,2.0,0.88,52.3,27.3,13.6,45.5,1.84,48.5,12.0,4.5,502.8
Australia,D,AFC,27,0,6,0,0,41,22,7,9,70,28,42,1.84,0.74,53.7,17.1,22.0,43.9,1.78,39.9,6.5,2.0,426.8
Canada,B,CONCACAF,30,0,3,1,0,46,19,16,8,62,41,21,1.44,0.95,41.3,34.8,17.4,43.5,1.59,48.7,12.3,4.7,411.8
Egypt,G,CAF,33,0,3,0,0,50,26,15,6,77,35,42,1.64,0.74,52.0,30.0,12.0,50.0,1.86,54.6,20.0,7.0,533.5
Algeria,J,CAF,36,0,4,0,0,51,33,11,4,105,34,71,2.19,0.71,64.7,21.6,7.8,45.1,2.16,62.7,15.7,4.3,555.0
Paraguay,D,CONMEBOL,38,0,9,0,0,36,12,9,12,33,33,0,1.0,1.0,33.3,25.0,33.3,41.7,1.25,49.2,14.3,5.0,427.3
Sweden,F,UEFA,39,0,12,0,0,40,19,5,13,74,55,19,2.0,1.49,47.5,12.5,32.5,22.5,1.55,50.5,12.0,4.0,510.0
Czech Republic,A,UEFA,41,0,9,0,0,40,20,11,6,73,40,33,1.97,1.08,50.0,27.5,15.0,30.0,1.78,42.2,14.7,6.0,369.0
Turkey,D,UEFA,42,0,5,0,0,42,23,6,10,71,52,19,1.82,1.33,54.8,14.3,23.8,28.6,1.79,49.8,14.4,4.2,489.2
Norway,I,UEFA,44,0,3,0,0,37,20,7,7,87,35,52,2.56,1.03,54.1,18.9,18.9,35.1,1.81,50.0,13.0,4.5,480.0
Ivory Coast,E,CAF,45,0,3,0,0,47,28,8,8,81,30,51,1.84,0.68,59.6,17.0,17.0,48.9,1.96,55.8,14.6,4.3,495.4
Tunisia,F,CAF,47,0,6,0,0,49,22,14,10,63,36,27,1.37,0.78,44.9,28.6,20.4,46.9,1.63,49.2,8.3,2.0,447.0
Scotland,C,UEFA,47,0,8,0,0,40,16,6,15,59,53,6,1.59,1.43,40.0,15.0,37.5,30.0,1.35,44.3,5.7,1.0,410.7
Bosnia and Herzegovina,B,UEFA,52,0,2,0,0,36,9,8,16,39,56,-17,1.18,1.7,25.0,22.2,44.4,19.4,0.97,48.0,11.5,3.5,450.0
Panama,L,CONCACAF,53,0,2,0,0,58,28,12,15,89,69,20,1.62,1.25,48.3,20.7,25.9,25.9,1.66,53.3,12.5,3.8,449.5
Qatar,B,AFC,53,0,2,0,0,53,19,14,17,74,71,3,1.48,1.42,35.8,26.4,32.1,22.6,1.34,44.3,6.7,2.0,468.7
Iraq,I,AFC,56,0,5,0,0,50,26,10,11,69,43,26,1.47,0.91,52.0,20.0,22.0,40.0,1.76,46.0,10.5,3.2,400.0
Uzbekistan,K,AFC,57,0,1,0,1,45,22,14,6,65,33,32,1.55,0.79,48.9,31.1,13.3,48.9,1.78,48.0,11.0,3.5,420.0
Saudi Arabia,H,AFC,58,0,6,0,0,59,23,12,21,68,61,7,1.21,1.09,39.0,20.3,35.6,33.9,1.37,46.8,10.0,3.0,396.7
DR Congo,K,CAF,62,0,2,0,0,47,23,13,8,53,24,29,1.2,0.55,48.9,27.7,17.0,51.1,1.74,47.2,15.4,5.0,401.9
Jordan,J,AFC,64,0,1,0,1,54,22,12,17,86,69,17,1.69,1.35,40.7,22.2,31.5,31.5,1.44,44.0,10.0,3.0,390.0
South Africa,A,CAF,65,0,3,0,0,52,21,21,7,70,41,29,1.43,0.84,40.4,40.4,13.5,40.4,1.62,51.8,13.0,6.4,497.0
Ghana,L,CAF,74,0,4,0,0,39,12,10,14,47,45,2,1.31,1.25,30.8,25.6,35.9,28.2,1.18,46.0,8.3,2.7,336.7
Cape Verde,H,CAF,75,0,1,0,1,43,17,12,11,49,42,7,1.23,1.05,39.5,27.9,25.6,44.2,1.47,52.1,16.0,4.6,472.8
Curaçao,E,CONCACAF,82,0,1,0,1,37,13,10,11,60,43,17,1.76,1.26,35.1,27.0,29.7,35.1,1.32,45.0,9.0,3.0,360.0
Haiti,C,CONCACAF,83,0,2,0,0,37,17,8,9,76,39,37,2.24,1.15,45.9,21.6,24.3,35.1,1.59,43.0,8.0,2.5,350.0
New Zealand,G,OFC,88,0,3,0,0,36,13,6,14,63,37,26,1.91,1.12,36.1,16.7,38.9,33.3,1.25,42.0,7.0,2.5,380.0
